{"train_loss": [0.31187946941608036, 0.09346926603943874, 0.04729055360150643, 0.028923521678035077, 0.01934507632484803, 0.015465005754660338, 0.014325877317251304, 0.011013167396856424, 0.009405574665810818, 0.0081852769646316, 0.007576178866796768, 0.007674020225516496, 0.006584717354808862, 0.006062447033727016, 0.00622127919147412, 0.005570985764885942, 0.00550098215134289, 0.005397701343425956, 0.0051907942904971345, 0.0049604042910803585, 0.004419515434748087, 0.004440773911296557, 0.004224297560703678, 0.004205485447668112, 0.004218725857730859, 0.0038673938371432135, 0.004185758590793762, 0.0037572005500969216, 0.004243789443698449, 0.0033494098565708366, 0.0033265811701615653, 0.0035298206001663436, 0.0033555470424919175, 0.0029096908759898865, 0.0033418333414607705, 0.0030177938513075695, 0.0030218520536063574, 0.0031589999980030535, 0.0026603541038452815, 0.0027663888833604944, 0.0028570175994760715, 0.002919495225143738, 0.0028106106612353753, 0.002872758918107511, 0.002473077253223612, 0.0027428873253460876, 0.002822812061565809, 0.002586232492318138, 0.0028110526872273437, 0.002772863897590492], "val_loss": [0.16695090532302856, 0.0714774239808321, 0.03913276754319668, 0.02644306533038616, 0.018384513817727564, 0.014324822556227445, 0.012851174920797348, 0.0099472320638597, 0.008962079975754022, 0.00785782658495009, 0.007192804478108883, 0.006642451137304306, 0.005791693180799484, 0.0053362628445029255, 0.00526726976968348, 0.004944864311255515, 0.0048602087888866665, 0.0045663584722206, 0.004049598542042077, 0.0038363693514838816, 0.0038033757358789445, 0.0036804651375859977, 0.003398455516435206, 0.003310849890112877, 0.003448598668910563, 0.0032834550249390302, 0.0033027152647264304, 0.0030164662632159887, 0.0028738960972987115, 0.0027794564492069187, 0.0026579041383229195, 0.002708676643669605, 0.0025484652840532364, 0.002519302733708173, 0.002507083828095347, 0.0024343423545360567, 0.0024039642186835406, 0.0023843647330068054, 0.0022218719706870614, 0.002248359122313559, 0.0022175065940245988, 0.0020760579674970357, 0.0022827799897640944, 0.002469327498693019, 0.0020554317103233188, 0.0020448862225748597, 0.0019140238524414598, 0.002043306746054441, 0.0019081595586612821, 0.001872636569896713], "epoch": [0, 1, 2, 3, 4, 5, 6, 7, 8, 9, 10, 11, 12, 13, 14, 15, 16, 17, 18, 19, 20, 21, 22, 23, 24, 25, 26, 27, 28, 29, 30, 31, 32, 33, 34, 35, 36, 37, 38, 39, 40, 41, 42, 43, 44, 45, 46, 47, 48, 49]}